segment,channel,angle,subject,body,cta,auto_flags,score_segment_fit,score_tone,score_cta,score_factual_safety,score_channel_format,human_decision,reviewer_notes,final_subject,final_body,final_cta
WHALES,email,christmas_gifting,Early Access: Festive Decor & Holiday Gifts,"As one of our most valued VIPs, we are delighted to offer you early access to our new Christmas gifting and festive home decor collection. Enjoy your exclusive VIP membership perks, including a dedicated account contact to ensure your holiday hosting and gift selections are seamless. As a heartfelt token of our appreciation, a surprise gift will accompany your order. Thank you for being such a wonderful part of our community.",Shop Early Access,,4,4,4,4,4,edit,"subject edit : ""festive""",Early Access: Christmas Decor & Holiday Gifts,,
WHALES,email,new_year_refresh,Exclusive First Look: New Year Home Refresh,"Thank you for your continued loyalty to our brand. To help you start the year with fresh ideas, enjoy early access to our latest home decor and restock essentials. Your VIP membership perks and dedicated account contact are ready to assist with any personal requests. We have also included a surprise gift with order as a special thank-you. Explore the new arrivals today and elevate your living space for the new year.",Explore New Arrivals,,4,3,4,4,4,edit,body too generic,,"Start the new year fresh with early access to our latest home decor and restock essentials. Designed to help you tidy and elevate your space, this collection is available to you first.",
WHALES,instagram_caption,christmas_gifting,,"To our cherished VIP community, thank you for inspiring us every day. Enjoy early access to our festive home decor and gifting collections today. A special surprise gift awaits with your order. #VIPAccess #HomeDecor #FestiveLiving",Link in bio to shop,,4,4,5,4,3,edit,body too long,,"To our cherished VIPs, enjoy early access to our festive home decor and gifting collections today! A special surprise gift awaits with your order. Thank you for inspiring us every day. #VIPAccess #HomeDecor #FestiveLiving",
WHALES,instagram_caption,new_year_refresh,,"Start the year with fresh home ideas and tidy spaces. As a special thank you for your incredible loyalty, enjoy early access to our newest decor collection alongside your VIP perks. #VIPCommunity #HomeRefresh #NewYearDecor",Shop new arrivals in bio,,4,4,3,4,4,edit,cta needs edit,,"Your dedicated account contact is ready to assist, and all VIP membership perks apply automatically. Plus, enjoy a surprise gift with order as our thank-you. Discover the collection today.",Tap link in bio to shop
WHALES,whatsapp_broadcast,christmas_gifting,,"Hello! As a top-tier member, we truly appreciate your loyalty. Enjoy early access to our festive home decor and gift collections, complete with your VIP perks, dedicated account contact, and a surprise gift with order. 🎁",Shop early access now,,4,4,4,4,4,approved,,,,
WHALES,whatsapp_broadcast,new_year_refresh,,"Happy New Year! Thank you for being such a valued client. Enjoy early access to our new restock items and fresh home decor, plus a surprise gift with your next order. Reach out to your dedicated account contact anytime. ✨",Discover fresh ideas,,4,4,4,4,4,approved,,,,
WHALES,push_notification,christmas_gifting,VIP Early Access: Festive Collection,"Enjoy early access to holiday decor, VIP perks, and a surprise gift with your order.",Shop Now,,5,5,5,5,4,approved,,,,
WHALES,push_notification,new_year_refresh,Exclusive Access: New Year Refresh,Explore fresh home ideas early with your VIP membership perks and a surprise gift.,Explore New,,5,5,5,5,5,approved,,,,
BONUS,email,christmas_gifting,A Special Festive Thank You & Early Access,"We are so grateful for your continued support and wanted to send a token of our appreciation this holiday season. Enjoy early access to sales alongside a special discount on your festive shopping. From charming touches like our White Hanging Heart T-Light Holder to festive baking essentials like our Retro Spot Cake Cases, discover thoughtful gifts and decor. Plus, earn extra loyalty programme points, cashback or gift options on your order today.",Shop Holiday Ideas,,5,4,4,4,3,edit,too long,,,
BONUS,email,new_year_refresh,Start the New Year Fresh with Special Rewards,"Thank you for being such a valued customer. As we start the new year, we want to reward your loyalty with a special discount and early access to sales. Whether you are stocking up on baking supplies like our Retro Spot Cake Cases or picking up handy tools like Small Chinese Style Scissors, explore fresh ideas to tidy and restock. Enjoy your cashback or gift offers and loyalty programme points with your next order.",Explore Fresh Ideas,,4,5,5,4,4,approved,,,,
BONUS,instagram_caption,christmas_gifting,,"Thank you for being a loyal customer! Enjoy early access to sales and a special discount on festive home decor, including our White Hanging Heart T-Light Holder. Plus, collect loyalty programme points today. #Grateful #FestiveDecor #GiftingIdeas",Shop the collection in bio,,4,4,4,4,5,approved,,,,
BONUS,instagram_caption,new_year_refresh,,"We appreciate your continued support! Refresh your home for the new year with early access to sales, a special discount, and bonus loyalty programme points on restock essentials like Retro Spot Cake Cases. #HomeRefresh #NewYearIdeas #ThankYou",Tap link in bio to shop,,4,4,5,4,5,approved,,,,
BONUS,whatsapp_broadcast,christmas_gifting,,"Thank you so much for shopping with us! To celebrate the holiday season, enjoy early access to sales and a special discount on festive favorites like our White Hanging Heart T-Light Holder. Plus, earn extra loyalty programme points today. 🎁",Shop festive favorites,,4,4,3,5,4,edit,cta needs edit,,,Shop Christmas favorites
BONUS,whatsapp_broadcast,new_year_refresh,,Happy New Year! We truly appreciate your support. Start the year fresh with a special discount and early access to sales on essential restock items like our Retro Spot Cake Cases. Enjoy bonus loyalty programme points with your order. ✨,Discover fresh arrivals,,4,5,4,4,5,approved,,,,
BONUS,push_notification,christmas_gifting,A Festive Thank You: Special Rewards,"Enjoy early access to sales, a special discount, and extra loyalty points today.",Shop Now,,5,5,5,4,5,approved,,,,
BONUS,push_notification,new_year_refresh,New Year Refresh: Early Access & Perks,"Start the year fresh with a special discount, cashback or gift, and early access sales.",Refresh Today,,4,4,4,4,4,approved,,,,
PRESERVE,email,christmas_gifting,Festive Ideas & Special Rewards for You,"We hope you are looking forward to the holiday season. To help with your festive home decor and gift choices, we have curated personalised product recommendations just for you, including charming pieces like our White Hanging Heart T-Light Holder and Brocade Ring Purses. Enjoy a special discount on your order today alongside your ongoing loyalty rewards. We are always here to make your holiday shopping experience warm and simple.",View Recommendations,,4,4,5,4,4,approved,,,,
PRESERVE,email,new_year_refresh,Start Fresh with Personalised Home Ideas,"Welcome the new year with fresh ideas to tidy and restock your home. We have put together personalised product recommendations featuring helpful everyday items like our Small Chinese Style Scissors to make your routines easier. To thank you for staying with us, enjoy a special discount on your purchases along with your loyalty rewards. Discover peaceful, organized inspiration for the year ahead.",Explore New Year Ideas,,5,4,5,4,5,approved,,,,
PRESERVE,instagram_caption,christmas_gifting,,"Warm up your home this holiday season with gentle touches like our White Hanging Heart T-Light Holder. Explore personalised product recommendations, earn loyalty rewards, and enjoy a special discount today. #FestiveHome #GiftingIdeas #WarmDecor",Shop recommendations in bio,,4,4,5,4,4,approved,,,,
PRESERVE,instagram_caption,new_year_refresh,,"Start the new year organized with handy essentials like Small Chinese Style Scissors. Take advantage of personalised product recommendations, your loyalty rewards, and a special discount as you restock. #NewYearRefresh #HomeOrganisation #FreshIdeas",Tap link in bio to shop,,4,4,4,4,4,approved,,,,
PRESERVE,whatsapp_broadcast,christmas_gifting,,"Hello! We are here to help you get ready for the holiday season. Enjoy personalized product recommendations tailored for festive hosting, alongside your loyalty rewards and a special discount on your order today. 🕯️",See your recommendations,,4,5,4,5,3,edit,too long,,,
PRESERVE,whatsapp_broadcast,new_year_refresh,,"Ready to tidy and restock for the new year? We have gathered personalized product recommendations to help you refresh your home, complete with your loyalty rewards and a special discount. ✨",Discover fresh ideas,,5,4,5,4,4,approved,,,,
PRESERVE,push_notification,christmas_gifting,Festive Decor & Personalised Ideas,"Explore custom recommendations, your loyalty rewards, and a special discount.",View Now,,4,4,3,4,5,edit,cta needs edit,,,Shop now
PRESERVE,push_notification,new_year_refresh,Refresh Your Space for the New Year,"Enjoy personalized recommendations, a special discount, and loyalty rewards.",Shop Refresh,,5,4,4,4,4,approved,,,,
STEADY,email,christmas_gifting,Festive Decor & Great Savings on Gift Bundles,"Make the most of your holiday shopping this season with our practical bundle offers. Whether you are searching for charming gift ideas, festive home decor, or hosting essentials, buying more allows you to save more on your favourite items. Combine your seasonal purchases today to easily reach our free shipping threshold and enjoy extra value delivered straight to your door. Explore our complete festive collection for great practical choices.",Shop Festive Bundles,,4,4,4,4,3,edit,body too long,,,
STEADY,email,new_year_refresh,Start the New Year Fresh with Value Bundles,"Get ready to tidy, restock, and refresh your home for the new year. Take advantage of our bundle offers to stock up on home decor and everyday essentials—the more you buy, the more you save. Combining your restocking items in a single order is a practical way to reach our free shipping threshold and stretch your budget further. Discover fresh inspiration for an organized and welcoming home today.",Explore Refresh Bundles,,4,5,4,4,5,approved,,,,
STEADY,instagram_caption,christmas_gifting,,"Prepare your home for holiday hosting and festive gifting with practical value. Save more when you buy more with our bundle offers, and reach our free shipping threshold today. #FestiveDecor #GiftingIdeas #HomeDecor",Shop bundles in bio,,4,5,5,4,4,approved,,,,
STEADY,instagram_caption,new_year_refresh,,"Tidy and restock your home for the new year. Combine your favourite home decor essentials with our buy more, save more bundle offers to reach the free shipping threshold easily. #NewYearRefresh #HomeOrganisation #SmartShopping",Tap link in bio to shop,,5,4,5,4,4,approved,,,,
STEADY,whatsapp_broadcast,christmas_gifting,,Getting ready for holiday hosting and gifting? Take advantage of our bundle offers to buy more and save more on festive home decor. Group your purchases together to reach our free shipping threshold today. 🎁,Browse festive bundles,,4,4,3,4,4,edit,,,,Browse Christmas bundles
STEADY,whatsapp_broadcast,new_year_refresh,,"Start the year fresh and organized! Restock home decor essentials with our buy more, save more bundle offers. Combine your items in one order to easily qualify for our free shipping threshold. ✨",Shop new year refresh,,4,4,4,5,5,approved,,,,
STEADY,push_notification,christmas_gifting,Festive Gifts: Buy More & Save More,Save on holiday decor bundles and reach our free shipping threshold today.,Shop Bundles,,4,5,4,5,4,approved,,,,
STEADY,push_notification,new_year_refresh,New Year Refresh: Bundle & Save,Restock home essentials with bundle offers and unlock our free shipping threshold.,Refresh Now,,5,4,5,4,4,approved,,,,
GROWTH,email,christmas_gifting,Warm Festive Ideas & A Welcome Incentive,"Welcome to the holiday season! We are delighted to share delightful product inspiration for festive home decor and gift ideas, including our charming White Hanging Heart T-Light Holder and Assorted Colour Bird Ornaments. To make your shopping experience even brighter, enjoy a small welcome-back incentive on your next order. If you ever need help or have questions, our fast and reliable support team is always here for you.",Explore Festive Ideas,,4,4,3,5,4,edit,"cta and subject edit : ""festive""",Warm Christmas Ideas & A Welcome Incentive,,Explore Christmas Ideas
GROWTH,email,new_year_refresh,Fresh New Year Ideas & A Welcome Treat,"Start the new year with fresh ideas to tidy, restock, and refresh your living spaces. Discover inspiring product inspiration, from cozy decor like our Hanging Jam Jar T-Light Holder to fun craft items like Girls Alphabet Iron On Patches. To welcome you back this season, we are pleased to offer a small welcome-back incentive. Count on our fast and reliable support team to assist you every step of the way.",Discover Fresh Ideas,,5,4,4,5,4,approved,,,,
GROWTH,instagram_caption,christmas_gifting,,"Brighten your holidays with festive decor inspiration, like our White Hanging Heart T-Light Holder and Bird Ornaments. Enjoy a small welcome-back incentive and fast and reliable support when you shop with us! #FestiveDecor #GiftingIdeas #HomeInspiration",Explore the collection in bio,,4,4,5,4,4,approved,,,,
GROWTH,instagram_caption,new_year_refresh,,"Refresh your home for the new year with cozy product inspiration like our Hanging Jam Jar T-Light Holder. Plus, enjoy a small welcome-back incentive and fast and reliable support. #NewYearRefresh #HomeIdeas #CozyLiving",Tap link in bio to shop,,5,4,5,4,5,approved,,,,
GROWTH,whatsapp_broadcast,christmas_gifting,,"Welcome to holiday shopping! Discover product inspiration for festive hosting and gifts like our White Hanging Heart T-Light Holder. Enjoy a small welcome-back incentive today, with fast and reliable support whenever you need help. 🎁",See festive inspiration,,4,4,5,4,4,approved,,,,
GROWTH,whatsapp_broadcast,new_year_refresh,,Ready to start the year with fresh ideas? Explore product inspiration to tidy and restock your home. Enjoy a small welcome-back incentive and fast and reliable support to make shopping simple. ✨,Get fresh ideas,,4,4,4,4,4,approved,,,,
GROWTH,push_notification,christmas_gifting,Festive Ideas & A Welcome Offer,"Discover holiday decor inspiration, a small welcome-back incentive, and reliable support.",Explore Ideas,,5,5,5,4,5,approved,,,,
GROWTH,push_notification,new_year_refresh,Fresh Ideas for the New Year,Get product inspiration to refresh your space plus a small welcome-back incentive today.,Shop Fresh,,4,4,4,5,4,approved,,,,
CASUALS,email,christmas_gifting,Festive Highlights & Gift Inspiration,"Add a touch of magic to your holiday home with our favorite seasonal product highlights. From the delicate glow of our White Hanging Heart T-Light Holder to charming Brocade Ring Purses for gifting, we have plenty of light, inspiring ideas for festive hosting. Take a sneak peek at our seasonal collection teaser and discover delightful, easy gifts to make the holidays feel warm and welcoming.",Explore Festive Highlights,,4,4,3,4,4,edit,"cta edit ""festive""",,,Explore Christmas Highlights
CASUALS,email,new_year_refresh,Fresh Ideas to Start the New Year,"Welcome the new year with light, inspiring touches for your space. Explore product highlights like our Pack of 72 Retro Spot Cake Cases for home baking and Pack of 12 Suki Tissues for easy restocking. Check out our seasonal collection teaser to discover simple, fresh ideas to tidy and restock your home for a bright new beginning.",See Fresh Arrivals,,4,4,4,4,5,approved,,,,
CASUALS,instagram_caption,christmas_gifting,,Brighten your space with festive product highlights like our White Hanging Heart T-Light Holder. Enjoy a seasonal collection teaser for charming gift ideas and holiday decor! #FestiveDecor #GiftingIdeas #HomeInspiration,Shop product highlights in bio,,4,5,5,4,4,approved,,,,
CASUALS,instagram_caption,new_year_refresh,,Start the year with fresh ideas! Explore everyday product highlights like our Pack of 72 Retro Spot Cake Cases and get inspired with our seasonal collection teaser. #NewYearRefresh #HomeIdeas #BakingEssentials,Tap link in bio to shop,,5,5,4,4,4,approved,,,,
CASUALS,whatsapp_broadcast,christmas_gifting,,"Hello! Get inspired for holiday hosting with product highlights like our White Hanging Heart T-Light Holder. Here is a seasonal collection teaser to help you find simple, charming gifts. 🎁",Discover gift ideas,,4,4,5,4,4,approved,,,,
CASUALS,whatsapp_broadcast,new_year_refresh,,"Ready to tidy and restock for the new year? Check out our product highlights like Retro Spot Cake Cases, plus a seasonal collection teaser filled with fresh home ideas. ✨",Explore fresh ideas,,4,4,4,4,4,approved,,,,
CASUALS,push_notification,christmas_gifting,Festive Ideas & Collection Teaser,Discover holiday product highlights and charming gift ideas for your home.,Explore Now,,3,5,4,5,5,edit,"subjet edit : ""festive""",Christmas Ideas & Collection Teaser,,
CASUALS,push_notification,new_year_refresh,New Year Refresh: Seasonal Teaser,Explore fresh product highlights to tidy and restock your home for the new year.,Shop Refresh,,4,5,4,5,4,approved,,,,
RECONNECT,email,christmas_gifting,We Miss You: Festive Decor & A Special Offer,"It has been a while, and we would love to welcome you back this holiday season. Whether you are looking for cozy festive decor like our White Hanging Heart T-Light Holder or charming gift items like the Strawberry Ceramic Trinket Box, we have plenty of lovely gift ideas to inspire you. Enjoy a reactivation discount on your next order as a warm welcome back. We hope to see you again soon.",Shop Holiday Ideas,,3,5,4,5,5,edit,"subjet edit : ""festive""",We Miss You: Christmas Decor & A Special Offer,,
RECONNECT,email,new_year_refresh,We Miss You: Start the New Year Fresh,"We miss having you with us and wanted to reach out as the new year begins. It is the perfect time to tidy, restock, and refresh your space. From popular favourites like our Pack of 72 Retro Spot Cake Cases for home baking to unique decorative touches, explore fresh ideas for your home. Enjoy a reactivation discount to help you get started whenever you are ready to visit us again.",Explore Fresh Ideas,,4,4,4,4,5,approved,,,,
RECONNECT,instagram_caption,christmas_gifting,,We miss you! Reconnect with us this festive season and discover cozy home decor like our White Hanging Heart T-Light Holder. Enjoy a reactivation discount on your next order today. #WeMissYou #FestiveDecor #GiftingIdeas,Shop the collection in bio,,4,4,4,4,4,approved,,,,
RECONNECT,instagram_caption,new_year_refresh,,We would love to welcome you back! Start the new year fresh with baking favorites like Retro Spot Cake Cases. Take advantage of a reactivation discount as you restock. #NewYearRefresh #HomeIdeas #WelcomeBack,Tap link in bio to shop,,5,4,5,5,4,approved,,,,
RECONNECT,whatsapp_broadcast,christmas_gifting,,"Hello! We miss having you around. As you prepare for holiday hosting and gifting, come explore favourites like our Strawberry Ceramic Trinket Box. Enjoy a reactivation discount when you return. 🎁",Discover gift ideas,,5,4,4,4,5,approved,,,,
RECONNECT,whatsapp_broadcast,new_year_refresh,,We miss you! Ready to start the new year with fresh home ideas? Restock favourites like our Retro Spot Cake Cases and enjoy a reactivation discount on your next visit. ✨,Explore new year fresh,,4,4,5,5,5,approved,,,,
RECONNECT,push_notification,christmas_gifting,We Miss You: Festive Gift Ideas,Explore holiday decor and enjoy a reactivation discount on your next order.,Welcome Back,,4,4,4,4,4,edit,"subject edit : ""festive""",We Miss You: Christmas Gift Ideas,,
RECONNECT,push_notification,new_year_refresh,We Miss You: New Year Refresh,Restock favourite home items and enjoy a reactivation discount today.,Shop Now,,4,5,4,4,4,approved,,,,
QUIET,email,christmas_gifting,Warm Festive Ideas & A Special Win-Back Offer,"It has been a while, and we would love to welcome you back. To help with your festive hosting, explore our collection of charming essentials like our Set/6 Woodland Paper Plates, Set/6 Woodland Paper Cups, and Black and White Paisley Flower Mugs. We have prepared personalised recommendations based on past purchases to inspire your holiday table. Whenever you are ready to visit, enjoy a special win-back offer on your order.",Explore Festive Ideas,,4,4,3,4,4,edit,"cta edit ""festive""",,,Explore Christmas Ideas
QUIET,email,new_year_refresh,Fresh Ideas for the New Year & A Special Offer,"We miss seeing you and thought you might enjoy fresh inspiration as the new year begins. Take a look at our versatile table accessories, including our Set/6 Strawberry Paper Plates and Set/6 Strawberry Paper Cups, perfect for simple gatherings. Discover personalized recommendations based on past purchases to help restock your home. When you feel like taking a look, a win-back offer is waiting for you at checkout.",Discover Fresh Ideas,,4,4,4,4,4,approved,,,,
QUIET,instagram_caption,christmas_gifting,,"We would love to welcome you back! Explore festive hosting essentials like our Woodland Paper Plates, enjoy personalised recommendations based on past purchases, and claim your win-back offer today. #FestiveHosting #HomeDecor #WelcomeBack",Explore the collection in bio,,5,4,5,4,4,approved,,,,
QUIET,instagram_caption,new_year_refresh,,Start the new year with fresh ideas for your home. Discover table essentials like Strawberry Paper Cups alongside personalised recommendations based on past purchases and a special win-back offer. #NewYearRefresh #HomeInspiration #Tableware,Tap link in bio to shop,,4,4,5,4,4,approved,,,,
QUIET,whatsapp_broadcast,christmas_gifting,,"Hello! It has been a while. We would love to share warm holiday hosting ideas, like our Woodland Paper Plates and Mugs, plus personalized recommendations based on past purchases. A win-back offer is waiting whenever you are ready. 🌲",See festive recommendations,,4,4,3,4,4,edit,"cta edit : ""festive""",,,See Christmast recommendations
QUIET,whatsapp_broadcast,new_year_refresh,,"Thinking about a new year refresh? We miss you and have gathered personalized recommendations based on past purchases, including Strawberry Paper Cups and Plates. Take a look and enjoy your win-back offer today. ✨",Explore fresh arrivals,,4,4,4,4,4,approved,,,,
QUIET,push_notification,christmas_gifting,Warm Festive Ideas & A Win-Back Offer,Explore personalized recommendations based on past purchases and enjoy a win-back offer.,Welcome Back,,4,4,4,4,4,edit,"subject edit : ""festive""",Warm Christmas Ideas & A Win-Back Offer,,
QUIET,push_notification,new_year_refresh,New Year Ideas & A Special Offer,Discover personalized recommendations based on past purchases plus a win-back offer.,Shop Now,,4,5,4,5,4,approved,,,,
